<?xml version="1.0" encoding="UTF-8"?>
<!DOCTYPE mapper PUBLIC "-//mybatis.org//DTD Mapper 3.0//EN" "http://mybatis.org/dtd/mybatis-3-mapper.dtd">
<mapper namespace="com.demo.mapper.AdminUsersMapper">

	<!-- 通用查询映射结果 -->
	<resultMap id="BaseResultMap" type="com.demo.entity.AdminUsers">
		<id column="id" property="id" />
		<result column="username" property="username" />
		<result column="password" property="password" />
		<result column="name" property="name" />
		<result column="dtime" property="dtime" />
		<result column="gw_role_id" property="gwRoleId" />
		<result column="phone" property="phone" />
		<result column="sfz" property="sfz" />
		<result column="address" property="address" />
		<result column="state" property="state" />
		<result column="sex" property="sex" />
		<result column="gw_department_code" property="gwDepartmentCode" />
		<result column="positions" property="positions" />
		<result column="email" property="email" />
		<result column="qq" property="qq" />
		<result column="create_user_id" property="createUserId" />
		<result column="create_time" property="createTime" />
		<result column="update_user_id" property="updateUserId" />
		<result column="type" property="type" />
		<result column="role_list" property="roleList" />
		<result column="update_time" property="updateTime" />
		<result column="salt" property="salt" />
	</resultMap>
 <sql id="Base_Column_List" >
    id, username, password, name, dtime, gw_role_id, phone, sfz, address, state ,qq ,sex ,email ,positions,
    create_user_id, create_time, update_user_id, update_time,gw_department_code
  </sql>
  <!-- 获取全部用户数据 -->
  <select id="getAdminUsrList" resultMap="BaseResultMap" parameterType="java.util.Map">
       select
       <include refid="Base_Column_List"/>
       from gw_admin_users
       <if test="page !=null and limit !=null">
           limit #{page,jdbcType=INTEGER} , #{limit,jdbcType=INTEGER}
       </if>
  </select>
</mapper>
