<?xml version="1.0" encoding="UTF-8"?>
<!DOCTYPE mapper PUBLIC "-//mybatis.org//DTD Mapper 3.0//EN" "http://mybatis.org/dtd/mybatis-3-mapper.dtd">
<mapper namespace="com.demo.mapper.AdvancePaymentMapper">

	<!-- 通用查询映射结果 -->
	<resultMap id="BaseResultMap" type="com.demo.entity.AdvancePayment">
		<id column="id" property="id" />
		<result column="code" property="code" />
		<result column="mall_info_id" property="mallInfoId" />
		<result column="merchants_info_bm" property="merchantsInfoBm" />
		<result column="contract_code" property="contractCode" />
		<result column="type" property="type" />
		<result column="payment_date" property="paymentDate" />
		<result column="payment_total_money" property="paymentTotalMoney" />
		<result column="cancel_type" property="cancelType" />
		<result column="cancel_cost_code" property="cancelCostCode" />
		<result column="cancel_cost_money" property="cancelCostMoney" />
		<result column="over_plus_money" property="overPlusMoney" />
		<result column="cancel_total_money" property="cancelTotalMoney" />
		<result column="description" property="description" />
		<result column="note" property="note" />
		<result column="status" property="status" />
		<result column="create_time" property="createTime" />
		<result column="create_user_id" property="createUserId" />
		<result column="update_time" property="updateTime" />
		<result column="update_user_id" property="updateUserId" />
		<result column="confirm_user_id" property="confirmUserId" />
		<result column="confirm_time" property="confirmTime" />
		<result column="unconfirm_user_id" property="unconfirmUserId" />
		<result column="unconfirm_time" property="unconfirmTime" />
	</resultMap>

</mapper>
