<?xml version="1.0" encoding="UTF-8"?>
<!DOCTYPE mapper PUBLIC "-//mybatis.org//DTD Mapper 3.0//EN" "http://mybatis.org/dtd/mybatis-3-mapper.dtd">
<mapper namespace="com.demo.mapper.RoleMapper">

	<!-- 通用查询映射结果 -->
	<resultMap id="BaseResultMap" type="com.demo.entity.Role">
		<id column="id" property="id" />
		<result column="cn_name" property="cnName" />
		<result column="en_name" property="enName" />
		<result column="note" property="note" />
		<result column="state" property="state" />
		<result column="time" property="time" />
		<result column="order_num" property="orderNum" />
	</resultMap>

</mapper>
