<?xml version="1.0" encoding="UTF-8"?>
<configuration  scan="true" scanPeriod="60 seconds" debug="false">

    <contextName>logback</contextName>

    <!-- 日志文件路径 -->
    <property name="log.path" value="I:/MIS/LOG" />

    <!--输出到控制台-->
    <appender name="console" class="ch.qos.logback.core.ConsoleAppender">
        <!-- <filter class="ch.qos.logback.classic.filter.ThresholdFilter">
            <level>ERROR</level>
        </filter> -->
        <encoder>
            <pattern>[%d{yyyy-MM-dd HH:mm:ss}][%-5p] - %m%n </pattern>
        </encoder>
    </appender>

    <!--输出到文件-->
    <appender name="file" class="ch.qos.logback.core.rolling.RollingFileAppender">
        <file>${log.path}/spring-boot.log</file>
        <rollingPolicy class="ch.qos.logback.core.rolling.TimeBasedRollingPolicy">
            <fileNamePattern>${log.path}/spring-boot.%d{yyyy-MM-dd}.log</fileNamePattern>
        </rollingPolicy>
        <encoder>
<pattern>[%d{yyyy-MM-dd HH:mm:ss.SSS}][%-5p] %logger - %m%n</pattern>
        </encoder>
    </appender>

    <root level="debug">
        <appender-ref ref="console" />
        <appender-ref ref="file" />
    </root>


</configuration>